frequency,horizon_steps,best_mean_loss,winners,comparable,tasks_per_model
15T,16,0.4872876603116801,"[""bayes_mixture""]",True,3
15T,96,0.7323957541364995,"[""chronos2_max""]",True,7
15T,288,0.7999756510941709,"[""bayes_mixture""]",True,4
5T,36,0.4038977797761216,"[""chronos2_max""]",True,1
5T,288,0.705417783367336,"[""chronos2_max""]",True,3
5T,864,0.7596084564324391,"[""chronos2_max""]",True,1
10T,18,0.5067164633481785,"[""chronos2_max""]",True,1
10T,144,0.6621977332228386,"[""chronos2_max""]",True,1
10T,432,0.6505192676677409,"[""chronos2_max""]",True,1
15T,12,0.5874946882257756,"[""bayes_mixture""]",True,3
H,24,0.7287038709911664,"[""bayes_mixture""]",True,8
H,168,0.7746655265501237,"[""bayes_mixture""]",True,8
H,336,0.77755427735005,"[""chronos2_max""]",True,4
30T,12,0.7144362071325526,"[""bayes_mixture""]",True,1
30T,48,0.801888244042546,"[""chronos2_max""]",True,1
30T,144,0.807887085239443,"[""chronos2_max""]",True,1
20T,9,0.35281935614106075,"[""chronos2_max""]",True,1
20T,72,0.7940637273176242,"[""chronos2_max""]",True,1
20T,216,0.8449083465306346,"[""bayes_mixture""]",True,1
D,3,0.7954173532008473,"[""chronos2_max""]",True,1
D,7,0.7497818803392814,"[""chronos2_max""]",True,1
D,14,0.7566460219756559,"[""chronos2_max""]",True,1
H,72,0.7693650974998583,"[""bayes_mixture""]",True,4
5T,24,0.37876226061632307,"[""chronos2_max""]",True,1
5T,96,0.5678251586672486,"[""chronos2_max""]",True,1
15T,24,0.5855899091498685,"[""chronos2_max""]",True,1
15T,672,0.6554414714821245,"[""bayes_mixture""]",True,3
D,30,0.6328654545089352,"[""bayes_mixture""]",True,6
W,13,0.8896042637885918,"[""chronos2_max""]",True,4
B,20,0.8653641927643824,"[""chronos2_max""]",True,2
M,6,0.342724932030673,"[""chronos2_max""]",True,1
M,12,0.6793737422907746,"[""bayes_mixture""]",True,8
Q,4,0.8066764006493373,"[""bayes_mixture""]",True,2
5T,48,0.6452590724237032,"[""chronos2_max""]",True,2
5T,576,0.7647105240093246,"[""chronos2_max""]",True,1
