domain,bayes_mixture,chronos2_max,chronos_bolt_512,chronos_bolt_max,chronos_t5_512,tsrag
Climate,0.7414029932933074,0.7384911149324431,0.8495205995793073,0.8201314777259793,1.2495086871499756,0.8441594781533723
Cloud operations,0.601976366307846,0.5903799985688403,0.718514091342027,0.6944620724708077,0.749663043073744,0.7213175429621282
Economics,0.7355290213377077,0.7226736392237414,0.8105075463954428,0.8105316246134856,0.8044103366880649,0.8114961219499996
Energy,0.6227962754450609,0.6215076514897614,0.9061040526282246,0.6992289860361063,1.0562753693368117,0.8916199413371091
Finance,0.7975059680681916,0.7986080224940162,0.8249984466546092,0.8307106651202784,0.8458187037510938,0.8179106347919132
Healthcare,0.7974301035149756,0.8344586567216372,0.8626058074497441,0.8529658254329825,0.8765818371767314,0.8422719150181859
Industry,0.7100721497777274,0.709797802862453,0.7143698903721578,0.7131775471756062,0.7241861365038834,0.7131775471756062
Sales,0.44526001192026665,0.4504494255542388,0.46289775968190816,0.4583933462904074,0.5102971160811317,0.46427246812543704
Transport,0.6452462880602053,0.641045927597276,0.7763067237842091,0.6978811493274013,0.8548952917700441,0.7500954162844411
