domain,model,tasks,finite_MASE_tasks,mean_task_MASE,scaled_MASE,total_inference_seconds,timed_tasks,prediction_nan_values,prediction_values,prediction_nan_rate,total_datastore_preprocessing_seconds,relative_improvement_percent,relative_scaled_improvement_percent,relative_tasks,mean_paired_improvement_percent,paired_percentage_tasks,reference_mean_loss,reference_total_inference_seconds
Climate,chronos_t5_512,45,45,1.7353051525018628,1.2495086871499756,0.0021596960723400116,45,0,1361193,0.0,0.0,-62.32821377918651,-69.1975247751329,45,-70.62408164563948,45,1.0690101936699565,0.002063903957605362
Climate,chronos_bolt_512,45,45,1.2255348999651778,0.8495205995793073,0.0023277588188648224,45,0,1361193,0.0,0.0,-14.642021864905285,-15.034640553125822,45,-16.091167709971657,45,1.0690101936699565,0.002063903957605362
Climate,chronos_bolt_max,45,45,1.182212781597037,0.8201314777259793,0.0020565874874591827,45,0,1361193,0.0,0.0,-10.589476938330321,-11.055023025023747,45,-11.876595720464708,45,1.0690101936699565,0.002063903957605362
Climate,chronos2_max,45,45,1.0690101936699565,0.7384911149324431,0.002063903957605362,45,0,1361193,0.0,0.0,0.0,0.0,45,0.0,45,1.0690101936699565,0.002063903957605362
Climate,tsrag,45,45,1.216144167864654,0.8441594781533723,2497.7352754063904,45,0,1361193,0.0,19830.084007371217,-13.763570737298636,-14.308684435640862,45,-15.344192618500976,45,1.0690101936699565,0.002063903957605362
Climate,bayes_mixture,45,45,1.0719782085581897,0.7414029932933074,2497.745615620166,45,0,1361193,0.0,0.0,-0.277641401906914,-0.3943010690292015,45,-0.6563644143504721,45,1.0690101936699565,0.002063903957605362
Finance,chronos_t5_512,6,6,2.2648724771216098,0.8458187037510938,0.0002370234578847885,6,0,73456,0.0,0.0,-5.7771816115888885,-5.911621211823137,6,-6.303779977879697,6,2.141173022966488,0.00021159648895263672
Finance,chronos_bolt_512,6,6,2.227637630146407,0.8249984466546092,0.00023395568132400513,6,0,73456,0.0,0.0,-4.038188705559476,-3.3045528491157494,6,-3.0210388655390497,6,2.141173022966488,0.00021159648895263672
Finance,chronos_bolt_max,6,6,2.2252155357275716,0.8307106651202784,0.0002004336565732956,6,0,73456,0.0,0.0,-3.925068729132719,-4.0198247102511075,6,-3.9971069019425265,6,2.141173022966488,0.00021159648895263672
Finance,chronos2_max,6,6,2.141173022966488,0.7986080224940162,0.00021159648895263672,6,0,73456,0.0,0.0,0.0,0.0,6,0.0,6,2.141173022966488,0.00021159648895263672
Finance,tsrag,6,6,2.1967430817428166,0.8179106347919132,136.45536030083895,6,0,73456,0.0,2169.1636983584613,-2.5953091216953217,-2.4170321051391053,6,-2.174039149990159,6,2.141173022966488,0.00021159648895263672
Finance,bayes_mixture,6,6,2.1435360090082365,0.7975059680681916,136.4560512173921,6,0,73456,0.0,0.0,-0.11035941590906706,0.13799691397826663,6,0.27978758112359353,6,2.141173022966488,0.00021159648895263672
Energy,chronos_t5_512,6,6,1.0395771600584978,1.0562753693368117,0.0002378653734922409,6,0,161280,0.0,0.0,-71.81569336686944,-69.95371928324722,6,-69.4523432752104,6,0.6050536709931035,0.0003037545830011368
Energy,chronos_bolt_512,6,6,0.8905932514946003,0.9061040526282246,0.00024331547319889069,6,0,161280,0.0,0.0,-47.19243832250899,-45.79129483865279,6,-47.1254912294877,6,0.6050536709931035,0.0003037545830011368
Energy,chronos_bolt_max,6,6,0.6828042556430926,0.6992289860361063,0.00021592341363430023,6,0,161280,0.0,0.0,-12.850196334215003,-12.505290057177243,6,-13.316398387904174,6,0.6050536709931035,0.0003037545830011368
Energy,chronos2_max,6,6,0.6050536709931035,0.6215076514897614,0.0003037545830011368,6,0,161280,0.0,0.0,0.0,0.0,6,0.0,6,0.6050536709931035,0.0003037545830011368
Energy,tsrag,6,6,0.8765722710802425,0.8916199413371091,232.84728789888322,6,0,161280,0.0,3319.451552944258,-44.875126472909855,-43.46081487490705,6,-44.311392699519956,6,0.6050536709931035,0.0003037545830011368
Energy,bayes_mixture,6,6,0.6063335862721838,0.6227962754450609,232.8483965471387,6,0,161280,0.0,0.0,-0.2115374784817936,-0.2073383895130787,6,-0.23580189382432226,6,0.6050536709931035,0.0003037545830011368
Transport,chronos_t5_512,11,11,0.8028347776347302,0.8548952917700441,0.0010594576597213745,11,0,822150,0.0,0.0,-35.535111951792956,-33.35944508286693,11,-36.521095076429056,11,0.5923444973582064,0.0010103154927492142
Transport,chronos_bolt_512,11,11,0.7165729115758872,0.7763067237842091,0.0010655652731657028,11,0,822150,0.0,0.0,-20.9723251877457,-21.10001645184898,11,-23.22894891076579,11,0.5923444973582064,0.0010103154927492142
Transport,chronos_bolt_max,11,11,0.6493323554116636,0.6978811493274013,0.0010245554149150848,11,0,822150,0.0,0.0,-9.620728867680373,-8.866014006695465,11,-9.696056866752459,11,0.5923444973582064,0.0010103154927492142
Transport,chronos2_max,11,11,0.5923444973582064,0.641045927597276,0.0010103154927492142,11,0,822150,0.0,0.0,0.0,0.0,11,0.0,11,0.5923444973582064,0.0010103154927492142
Transport,tsrag,11,11,0.6923285921110004,0.7500954162844411,15005.979843789712,11,0,822150,0.0,28904.305233497405,-16.879382723856207,-17.011181881444415,11,-18.35712733336487,11,0.5923444973582064,0.0010103154927492142
Transport,bayes_mixture,11,11,0.5968800848764375,0.6452462880602053,15005.984510399401,11,0,822150,0.0,0.0,-0.7657009626086397,-0.6552354959453277,11,-0.6942804278942915,11,0.5923444973582064,0.0010103154927492142
Healthcare,chronos_t5_512,3,3,2.732885816697491,0.8765818371767314,6.851181387901306e-05,3,0,5100,0.0,0.0,-10.566089893504182,-5.047964942994887,3,-7.322567957380891,3,2.4717215009862166,5.8570876717567444e-05
Healthcare,chronos_bolt_512,3,3,2.6260394124626107,0.8626058074497441,6.88210129737854e-05,3,0,5100,0.0,0.0,-6.243337342610045,-3.3731030892158786,3,-3.83773530597545,3,2.4717215009862166,5.8570876717567444e-05
Healthcare,chronos_bolt_max,3,3,2.5918883050948867,0.8529658254329825,5.878321826457977e-05,3,0,5100,0.0,0.0,-4.861664393044429,-2.2178652665735266,3,-2.787277516488692,3,2.4717215009862166,5.8570876717567444e-05
Healthcare,chronos2_max,3,3,2.4717215009862166,0.8344586567216372,5.8570876717567444e-05,3,0,5100,0.0,0.0,0.0,0.0,3,0.0,3,2.4717215009862166,5.8570876717567444e-05
Healthcare,tsrag,3,3,2.5540034719599434,0.8422719150181859,1.078068669885397,3,0,5100,0.0,9.634004391729832,-3.3289337387280904,-0.9363265913310714,3,-1.6219741740249427,3,2.4717215009862166,5.8570876717567444e-05
Healthcare,bayes_mixture,3,3,2.3976996410360263,0.7974301035149756,1.078254021704197,3,0,5100,0.0,0.0,2.9947492029605893,4.437434126711182,3,3.9582328271544025,3,2.4717215009862166,5.8570876717567444e-05
Economics,chronos_t5_512,11,11,1.2568675284506414,0.8044103366880649,0.00022507458925247192,11,0,5894,0.0,0.0,-12.1702759336753,-11.310319489738262,11,-12.334739479546618,11,1.1204996314654778,0.00018781423568725586
Economics,chronos_bolt_512,11,11,1.2688728502630493,0.8105075463954428,0.00023677386343479156,11,0,5894,0.0,0.0,-13.241701704401043,-12.154021179746909,11,-13.088119528938046,11,1.1204996314654778,0.00018781423568725586
Economics,chronos_bolt_max,11,11,1.2702632906862334,0.8105316246134856,0.00018814951181411743,11,0,5894,0.0,0.0,-13.365792813772103,-12.157353004340488,11,-12.836406227285106,11,1.1204996314654778,0.00018781423568725586
Economics,chronos2_max,11,11,1.1204996314654778,0.7226736392237414,0.00018781423568725586,11,0,5894,0.0,0.0,0.0,0.0,11,0.0,11,1.1204996314654778,0.00018781423568725586
Economics,tsrag,11,11,1.2725834938158707,0.8114961219499996,1.0364193245768547,11,0,5894,0.0,5.4172615595161915,-13.572861434276916,-12.290815370222541,11,-12.834357179931645,11,1.1204996314654778,0.00018781423568725586
Economics,bayes_mixture,11,11,1.1492636767334972,0.7355290213377077,1.0370078347623348,11,0,5894,0.0,0.0,-2.567073157391353,-1.7788641256895499,11,-2.109026215146258,11,1.1204996314654778,0.00018781423568725586
Sales,chronos_t5_512,4,4,0.7435554247636891,0.5102971160811317,0.00012012757360935211,4,0,32100,0.0,0.0,-14.392041303474068,-13.286217526696941,4,-16.525734243869344,4,0.6500062559344392,0.0001062639057636261
Sales,chronos_bolt_512,4,4,0.6704998976490486,0.46289775968190816,0.00012185797095298767,4,0,32100,0.0,0.0,-3.1528376115623757,-2.763536464133076,4,-4.206126428982879,4,0.6500062559344392,0.0001062639057636261
Sales,chronos_bolt_max,4,4,0.6637809208253372,0.4583933462904074,0.00011371076107025146,4,0,32100,0.0,0.0,-2.11915881810949,-1.7635544159911642,4,-3.017575875179024,4,0.6500062559344392,0.0001062639057636261
Sales,chronos2_max,4,4,0.6500062559344392,0.4504494255542388,0.0001062639057636261,4,0,32100,0.0,0.0,0.0,0.0,4,0.0,4,0.6500062559344392,0.0001062639057636261
Sales,tsrag,4,4,0.6721660108640681,0.46427246812543704,30.349255815148354,4,0,32100,0.0,215.5130585860461,-3.4091602545843758,-3.0687224329768448,4,-4.355626759363084,4,0.6500062559344392,0.0001062639057636261
Sales,bayes_mixture,4,4,0.6430291213855797,0.44526001192026665,30.34960389137268,4,0,32100,0.0,0.0,1.073394984303544,1.1520524479717187,4,0.8528879130340283,4,0.6500062559344392,0.0001062639057636261
Cloud operations,chronos_t5_512,1,1,0.8344156467845051,0.749663043073744,7.674284279346466e-05,1,0,67392,0.0,0.0,-26.979749464925472,-26.979749464925472,1,-26.979749464925472,1,0.6571249748882112,7.257238030433655e-05
Cloud operations,chronos_bolt_512,1,1,0.7997451732350664,0.718514091342027,7.935240864753723e-05,1,0,67392,0.0,0.0,-21.703664264338386,-21.703664264338364,1,-21.703664264338386,1,0.6571249748882112,7.257238030433655e-05
Cloud operations,chronos_bolt_max,1,1,0.7729739710685387,0.6944620724708077,8.390285074710846e-05,1,0,67392,0.0,0.0,-17.629674811862927,-17.629674811862905,1,-17.629674811862927,1,0.6571249748882112,7.257238030433655e-05
Cloud operations,chronos2_max,1,1,0.6571249748882112,0.5903799985688403,7.257238030433655e-05,1,0,67392,0.0,0.0,0.0,0.0,1,0.0,1,0.6571249748882112,7.257238030433655e-05
Cloud operations,tsrag,1,1,0.8028655670152167,0.7213175429621282,75.5911822244525,1,0,67392,0.0,342.1998277101666,-22.178519717927124,-22.178519717927102,1,-22.178519717927124,1,0.6571249748882112,7.257238030433655e-05
Cloud operations,bayes_mixture,1,1,0.6700323614490046,0.601976366307846,75.59153333120048,1,0,67392,0.0,0.0,-1.9642209707505298,-1.9642209707505076,1,-1.9642209707505298,1,0.6571249748882112,7.257238030433655e-05
Industry,chronos_t5_512,3,3,0.7258380385228785,0.7241861365038834,0.00017628632485866547,3,0,121950,0.0,0.0,-2.026989297569415,-2.0271031529550454,3,-2.0269159991829064,3,0.7114176783222693,0.00016686134040355682
Industry,chronos_bolt_512,3,3,0.7159983601063539,0.7143698903721578,0.0001794956624507904,3,0,121950,0.0,0.0,-0.6438807923479173,-0.6441394283367208,3,-0.6438516864742431,3,0.7114176783222693,0.00016686134040355682
Industry,chronos_bolt_max,3,3,0.7148023421857621,0.7131775471756062,0.0001689717173576355,3,0,121950,0.0,0.0,-0.47576324944227366,-0.4761559277196348,3,-0.47571382736558326,3,0.7114176783222693,0.00016686134040355682
Industry,chronos2_max,3,3,0.7114176783222693,0.709797802862453,0.00016686134040355682,3,0,121950,0.0,0.0,0.0,0.0,3,0.0,3,0.7114176783222693,0.00016686134040355682
Industry,tsrag,3,3,0.7148023421857621,0.7131775471756062,151.30084837786853,3,0,121950,0.0,903.3089258763939,-0.47576324944227366,-0.4761559277196348,3,-0.47571382736558326,3,0.7114176783222693,0.00016686134040355682
Industry,bayes_mixture,3,3,0.711692320073543,0.7100721497777274,151.30177639238536,3,0,121950,0.0,0.0,-0.03860485332911612,-0.03865141793450988,3,-0.03860216557394214,3,0.7114176783222693,0.00016686134040355682
