frequency,horizon_steps,model,mean_loss,tasks,mean_loss_ratio,mean_paired_improvement_percent,relative_tasks
15T,16,chronos_t5_512,0.7491599275044779,3,1.5745608291295614,-57.45608291295614,3
15T,16,chronos_bolt_512,0.5844203045460604,3,1.29553377172315,-29.55337717231501,3
15T,16,chronos_bolt_max,0.5080635215928914,3,1.1031760787082365,-10.317607870823647,3
15T,16,chronos2_max,0.4606006443472464,3,1.0,0.0,3
15T,16,tsrag,0.5587938286969797,3,1.229113061489006,-22.911306148900593,3
15T,16,bayes_mixture,0.4588592686857526,3,0.9977227543308956,0.22772456691043294,3
15T,96,chronos_t5_512,1.326218951204839,7,1.667990870652567,-66.79908706525671,7
15T,96,chronos_bolt_512,0.9305549370536788,7,1.2016937385383208,-20.169373853832074,7
15T,96,chronos_bolt_max,0.8458501118663478,7,1.0663480998095152,-6.63480998095153,7
15T,96,chronos2_max,0.8044608945545205,7,1.0,0.0,7
15T,96,tsrag,0.9076998779025144,7,1.1592580650564166,-15.925806505641662,7
15T,96,bayes_mixture,0.8063635316730391,7,1.0031688410984523,-0.31688410984522003,7
15T,288,chronos_t5_512,2.0186780920587473,4,1.80211346767904,-80.211346767904,4
15T,288,chronos_bolt_512,1.2874451274506886,4,1.0966915071332282,-9.66915071332281,4
15T,288,chronos_bolt_max,1.2522968394228138,4,1.062867854895149,-6.286785489514887,4
15T,288,chronos2_max,1.1843289421089112,4,1.0,0.0,4
15T,288,tsrag,1.2674181528749582,4,1.0779569518227423,-7.795695182274242,4
15T,288,bayes_mixture,1.1815215214547312,4,0.9980888046158345,0.19111953841655926,4
5T,36,chronos_t5_512,0.7490389352829979,1,2.0368179402851916,-103.68179402851916,1
5T,36,chronos_bolt_512,0.45041877438474687,1,1.2247975333371761,-22.47975333371761,1
5T,36,chronos_bolt_max,0.4309424156630221,1,1.1718366056908034,-17.183660569080338,1
5T,36,chronos2_max,0.36774957666472574,1,1.0,0.0,1
5T,36,tsrag,0.44755419064422786,1,1.2170080376523704,-21.70080376523704,1
5T,36,bayes_mixture,0.38935708298595223,1,1.058756033160375,-5.875603316037492,1
5T,288,chronos_t5_512,1.2442799739602122,3,1.88104181817939,-88.10418181793898,3
5T,288,chronos_bolt_512,0.9756365248593513,3,1.4642552461477134,-46.42552461477134,3
5T,288,chronos_bolt_max,0.7717446141574981,3,1.1794822290986875,-17.94822290986874,3
5T,288,chronos2_max,0.6547459475546848,3,1.0,0.0,3
5T,288,tsrag,0.9800672193918736,3,1.4705150706054761,-47.05150706054763,3
5T,288,bayes_mixture,0.6875500075961111,3,1.0550132134820205,-5.501321348202063,3
5T,864,chronos_t5_512,1.6966687449199005,1,2.044105180922987,-104.41051809229869,1
5T,864,chronos_bolt_512,1.2575498236370677,1,1.515065399455257,-51.506539945525695,1
5T,864,chronos_bolt_max,1.0664668009130953,1,1.2848532275707936,-28.485322757079356,1
5T,864,chronos2_max,0.8300300594873468,1,1.0,0.0,1
5T,864,tsrag,1.2929025809424666,1,1.5576575404281199,-55.76575404281199,1
5T,864,bayes_mixture,0.9962188459863967,1,1.2002202023884454,-20.02202023884454,1
10T,18,chronos_t5_512,1.3308141421528248,1,2.5190280162152376,-151.90280162152376,1
10T,18,chronos_bolt_512,0.7007420972486622,1,1.3263978185979453,-32.639781859794525,1
10T,18,chronos_bolt_max,0.6437833307149723,1,1.2185835685665152,-21.85835685665152,1
10T,18,chronos2_max,0.5283046213008509,1,1.0,0.0,1
10T,18,tsrag,0.6717527401776202,1,1.2715253910207245,-27.15253910207245,1
10T,18,bayes_mixture,0.5331583812113733,1,1.009187426561916,-0.9187426561916068,1
10T,144,chronos_t5_512,1.8030798833358164,1,2.6088368689427544,-160.88368689427543,1
10T,144,chronos_bolt_512,1.2128370439354512,1,1.7548274069724334,-75.48274069724334,1
10T,144,chronos_bolt_max,1.002804817780753,1,1.450936370128977,-45.0936370128977,1
10T,144,chronos2_max,0.6911432082246386,1,1.0,0.0,1
10T,144,tsrag,1.1709239836381549,1,1.6941843162228916,-69.41843162228916,1
10T,144,bayes_mixture,0.6922167959233689,1,1.0015533505733032,-0.15533505733031916,1
10T,432,chronos_t5_512,2.521514316702361,1,2.6964566573076834,-169.64566573076834,1
10T,432,chronos_bolt_512,1.4720744868880993,1,1.574206826401594,-57.420682640159406,1
10T,432,chronos_bolt_max,1.3770165825586909,1,1.4725538168347219,-47.25538168347219,1
10T,432,chronos2_max,0.9351213971375323,1,1.0,0.0,1
10T,432,tsrag,1.445992265686856,1,1.5463150240312464,-54.63150240312464,1
10T,432,bayes_mixture,0.9422676892687897,1,1.0076421009647867,-0.764210096478668,1
15T,12,chronos_t5_512,1.414043052317588,3,2.0375957310245507,-103.75957310245504,3
15T,12,chronos_bolt_512,0.7815999642146614,3,1.0357170721453401,-3.571707214534007,3
15T,12,chronos_bolt_max,0.7733880336190172,3,1.0209026849854888,-2.0902684985488675,3
15T,12,chronos2_max,0.7610259640563918,3,1.0,0.0,3
15T,12,tsrag,0.7790115597444379,3,1.0314983385422118,-3.149833854221199,3
15T,12,bayes_mixture,0.7608972634792753,3,0.9998659640568892,0.013403594311082548,3
H,24,chronos_t5_512,1.3467537787732597,8,1.4847319238327645,-48.473192383276434,8
H,24,chronos_bolt_512,0.9237122509880427,8,1.0590072405685822,-5.900724056858236,8
H,24,chronos_bolt_max,0.9206763922856748,8,1.0541276961176913,-5.412769611769112,8
H,24,chronos2_max,0.8763147603421094,8,1.0,0.0,8
H,24,tsrag,0.9197767722128193,8,1.0542821340278101,-5.4282134027810045,8
H,24,bayes_mixture,0.8707146010397238,8,0.9949165744720638,0.5083425527936142,8
H,168,chronos_t5_512,1.8751180293950287,8,1.471256410006963,-47.12564100069628,8
H,168,chronos_bolt_512,1.3670406394967187,8,1.0720536087719135,-7.205360877191349,8
H,168,chronos_bolt_max,1.350748977991723,8,1.0669359083810734,-6.693590838107328,8
H,168,chronos2_max,1.2632887508391542,8,1.0,0.0,8
H,168,tsrag,1.3547059944191684,8,1.0659632671615689,-6.596326716156882,8
H,168,bayes_mixture,1.2577769551596325,8,0.9933395563681522,0.6660443631847852,8
H,336,chronos_t5_512,2.1338466620777297,4,1.289730210559191,-28.973021055919112,4
H,336,chronos_bolt_512,1.8298472186021892,4,1.1181835691201185,-11.81835691201184,4
H,336,chronos_bolt_max,1.7243152309773255,4,1.0652343193995728,-6.523431939957281,4
H,336,chronos2_max,1.6270952750155288,4,1.0,0.0,4
H,336,tsrag,1.8049221517984242,4,1.103215969165095,-10.32159691650949,4
H,336,bayes_mixture,1.64342596262127,4,1.0074634965408682,-0.7463496540868253,4
30T,12,chronos_t5_512,1.5878959520509202,1,1.1594627006402305,-15.94627006402305,1
30T,12,chronos_bolt_512,1.4391982021923246,1,1.0508853757799401,-5.088537577994012,1
30T,12,chronos_bolt_max,1.4040590147394727,1,1.0252271598686495,-2.522715986864954,1
30T,12,chronos2_max,1.369510162917805,1,1.0,0.0,1
30T,12,tsrag,1.4154875097258934,1,1.0335721107101035,-3.3572110710103464,1
30T,12,bayes_mixture,1.3687206364496922,1,0.9994234971820649,0.05765028179350873,1
30T,48,chronos_t5_512,1.8774526326844299,1,1.2365916776323842,-23.659167763238422,1
30T,48,chronos_bolt_512,1.5799987435894587,1,1.0406724851421343,-4.0672485142134285,1
30T,48,chronos_bolt_max,1.5695327782076256,1,1.0337790352280032,-3.3779035228003185,1
30T,48,chronos2_max,1.5182478312316134,1,1.0,0.0,1
30T,48,tsrag,1.5831470630507751,1,1.0427461383340262,-4.2746138334026185,1
30T,48,bayes_mixture,1.5190785522245214,1,1.0005471577010152,-0.054715770101521066,1
30T,144,chronos_t5_512,2.2889993375611444,1,1.27416965176812,-27.416965176812003,1
30T,144,chronos_bolt_512,1.8994332791841426,1,1.0573180167336715,-5.731801673367154,1
30T,144,chronos_bolt_max,1.9159433983126628,1,1.066508361350831,-6.650836135083105,1
30T,144,chronos2_max,1.7964635512898783,1,1.0,0.0,1
30T,144,tsrag,1.9234191583036193,1,1.0706697371747875,-7.066973717478753,1
30T,144,bayes_mixture,1.801844523652365,1,1.00299531396483,-0.2995313964829993,1
20T,9,chronos_t5_512,0.7522737207678966,1,1.6680558910200032,-66.80558910200031,1
20T,9,chronos_bolt_512,0.6343437606286298,1,1.4065636185832378,-40.65636185832378,1
20T,9,chronos_bolt_max,0.6111656872978505,1,1.3551696635711779,-35.51696635711779,1
20T,9,chronos2_max,0.45098831808800305,1,1.0,0.0,1
20T,9,tsrag,0.6438058656911906,1,1.427544439334152,-42.75444393341521,1
20T,9,bayes_mixture,0.4724283685105311,1,1.0475401458588212,-4.754014585882116,1
20T,72,chronos_t5_512,1.4847646269150339,1,1.457649804262742,-45.76498042627419,1
20T,72,chronos_bolt_512,1.8926341276334195,1,1.8580707781393775,-85.80707781393775,1
20T,72,chronos_bolt_max,1.7547628129002864,1,1.7227172740949286,-72.27172740949285,1
20T,72,chronos2_max,1.0186017399878884,1,1.0,0.0,1
20T,72,tsrag,1.934200440721779,1,1.8988780057893653,-89.88780057893652,1
20T,72,bayes_mixture,1.0190669528392544,1,1.0004567171182837,-0.0456717118283656,1
20T,216,chronos_t5_512,2.2941668398362793,1,1.3862826952712104,-38.62826952712104,1
20T,216,chronos_bolt_512,2.5405633663719995,1,1.5351712743319115,-53.51712743319115,1
20T,216,chronos_bolt_max,2.370452159975281,1,1.432379176736991,-43.23791767369911,1
20T,216,chronos2_max,1.6549054876483558,1,1.0,0.0,1
20T,216,tsrag,2.427741140268428,1,1.4669968517164584,-46.69968517164585,1
20T,216,bayes_mixture,1.5527600901048397,1,0.9382772017460247,6.172279825397531,1
D,3,chronos_t5_512,0.9090838083016374,1,1.0691699306084668,-6.916993060846677,1
D,3,chronos_bolt_512,0.8801712530547406,1,1.035165986852402,-3.516598685240191,1
D,3,chronos_bolt_max,0.8705035534727462,1,1.0237958429813598,-2.379584298135984,1
D,3,chronos2_max,0.8502706466728596,1,1.0,0.0,1
D,3,tsrag,0.8704025464125195,1,1.0236770489707445,-2.367704897074452,1
D,3,bayes_mixture,0.8546955644679303,1,1.0052041286058568,-0.5204128605856839,1
D,7,chronos_t5_512,0.958510513703003,1,1.0830987017132696,-8.30987017132696,1
D,7,chronos_bolt_512,0.9248183233385157,1,1.0450271655955554,-4.502716559555542,1
D,7,chronos_bolt_max,0.9119706600002427,1,1.0305095496875423,-3.050954968754227,1
D,7,chronos2_max,0.8849706053444711,1,1.0,0.0,1
D,7,tsrag,0.9118072965585334,1,1.0303249520967042,-3.032495209670416,1
D,7,bayes_mixture,0.8920178859273481,1,1.0079632934024219,-0.7963293402421856,1
D,14,chronos_t5_512,0.9630209681337293,1,1.0715106566512709,-7.151065665127088,1
D,14,chronos_bolt_512,0.9427817088408397,1,1.0489913318051187,-4.899133180511872,1
D,14,chronos_bolt_max,0.9297402102509469,1,1.0344806355895901,-3.4480635589590136,1
D,14,chronos2_max,0.898750714382442,1,1.0,0.0,1
D,14,tsrag,0.929817743697906,1,1.0345669036122114,-3.4566903612211375,1
D,14,bayes_mixture,0.9063268300032946,1,1.0084296073422967,-0.8429607342296697,1
H,72,chronos_t5_512,1.79326603223573,4,1.6125109674588263,-61.25109674588262,4
H,72,chronos_bolt_512,1.067424591420609,4,1.0051532859502368,-0.5153285950236897,4
H,72,chronos_bolt_max,1.088032744260315,4,1.027392848383191,-2.7392848383190893,4
H,72,chronos2_max,1.0615370954139616,4,1.0,0.0,4
H,72,tsrag,1.0690165842949486,4,1.00786638617107,-0.7866386171069939,4
H,72,bayes_mixture,1.038502378324611,4,0.9797084415067963,2.0291558493203823,4
5T,24,chronos_t5_512,0.6108917116485023,1,1.5786563388694286,-57.86563388694286,1
5T,24,chronos_bolt_512,0.5854332438997738,1,1.512866984188254,-51.2866984188254,1
5T,24,chronos_bolt_max,0.4592765393518389,1,1.1868548980395592,-18.685489803955925,1
5T,24,chronos2_max,0.3869694097487987,1,1.0,0.0,1
5T,24,tsrag,0.5661066458605167,1,1.462923506610006,-46.29235066100059,1
5T,24,bayes_mixture,0.3893407693742601,1,1.0061280286392684,-0.6128028639268424,1
5T,96,chronos_t5_512,1.2468458468395933,1,2.148400268488965,-114.84002684889649,1
5T,96,chronos_bolt_512,1.0746730101117732,1,1.851734750782715,-85.17347507827151,1
5T,96,chronos_bolt_max,0.7173457233720583,1,1.2360355120068096,-23.60355120068096,1
5T,96,chronos2_max,0.5803601242875183,1,1.0,0.0,1
5T,96,tsrag,1.0273859753879002,1,1.7702559710648198,-77.02559710648198,1
5T,96,bayes_mixture,0.5813565485251545,1,1.0017169067893137,-0.1716906789313688,1
15T,24,chronos_t5_512,0.6625563299425539,1,1.2420951323804856,-24.209513238048565,1
15T,24,chronos_bolt_512,0.6343085166167726,1,1.1891389234565022,-18.91389234565022,1
15T,24,chronos_bolt_max,0.570156750162608,1,1.0688735312999798,-6.887353129997975,1
15T,24,chronos2_max,0.5334183450769662,1,1.0,0.0,1
15T,24,tsrag,0.6145055507521586,1,1.152014280017858,-15.20142800178581,1
15T,24,bayes_mixture,0.5335589406266794,1,1.0002635746427,-0.026357464269999298,1
15T,672,chronos_t5_512,1.1501913521167937,3,1.662345403071263,-66.23454030712628,3
15T,672,chronos_bolt_512,0.8688601979622129,3,1.2600040672429966,-26.000406724299683,3
15T,672,chronos_bolt_max,0.7945220698437073,3,1.1455238599279758,-14.552385992797584,3
15T,672,chronos2_max,0.6918861497330218,3,1.0,0.0,3
15T,672,tsrag,0.8635356500907911,3,1.2535515958750598,-25.355159587505977,3
15T,672,bayes_mixture,0.6943828498902084,3,1.0014598632266976,-0.14598632266977032,3
D,30,chronos_t5_512,2.2008026092018924,6,1.1632034209701996,-16.320342097019964,6
D,30,chronos_bolt_512,2.1614165694753082,6,1.068400309045004,-6.840030904500402,6
D,30,chronos_bolt_max,2.1207263405637233,6,1.0517787050312033,-5.177870503120322,6
D,30,chronos2_max,2.0167583749984233,6,1.0,0.0,6
D,30,tsrag,2.098415990682675,6,1.0519024183941446,-5.190241839414459,6
D,30,bayes_mixture,2.008265826179945,6,0.9961186400277019,0.38813599722981595,6
W,13,chronos_t5_512,2.3374599065687756,4,1.0935006695924254,-9.350066959242534,4
W,13,chronos_bolt_512,2.2942047223527777,4,1.0753646700418573,-7.5364670041857265,4
W,13,chronos_bolt_max,2.294204719967593,4,1.075364665580991,-7.536466558099104,4
W,13,chronos2_max,2.034546272406023,4,1.0,0.0,4
W,13,tsrag,2.294204719967593,4,1.075364665580991,-7.536466558099104,4
W,13,bayes_mixture,2.0658480980548735,4,0.9967688772196392,0.3231122780360778,4
B,20,chronos_t5_512,1.4686470163179028,2,1.0252265443483506,-2.522654434835059,2
B,20,chronos_bolt_512,1.491584100553606,2,1.0417481673183269,-4.174816731832697,2
B,20,chronos_bolt_max,1.4971758147617051,2,1.0450043736079833,-4.500437360798326,2
B,20,chronos2_max,1.4324229481081439,2,1.0,0.0,2
B,20,tsrag,1.4971758147617051,2,1.0450043736079833,-4.500437360798326,2
B,20,bayes_mixture,1.443571321806299,2,1.007473598868837,-0.7473598868837028,2
M,6,chronos_t5_512,0.41977387059814,1,1.264372174006697,-26.43721740066971,1
M,6,chronos_bolt_512,0.4314074208124786,1,1.299412795174852,-29.9412795174852,1
M,6,chronos_bolt_max,0.41508574302996104,1,1.2502513855046569,-25.025138550465687,1
M,6,chronos2_max,0.3320018260666946,1,1.0,0.0,1
M,6,tsrag,0.4070849935898743,1,1.2261528751594775,-22.615287515947745,1
M,6,bayes_mixture,0.3721085408928492,1,1.1208026934710225,-12.080269347102245,1
M,12,chronos_t5_512,0.9420239828417425,8,1.0723717726708841,-7.237177267088418,8
M,12,chronos_bolt_512,0.9479618806341359,8,1.0961942306554504,-9.619423065545035,8
M,12,chronos_bolt_max,0.952060570953458,8,1.0990563750341904,-9.90563750341903,8
M,12,chronos2_max,0.8824915033115718,8,1.0,0.0,8
M,12,tsrag,0.9574535523655439,8,1.1035006876450817,-10.350068764508157,8
M,12,bayes_mixture,0.8819162475380905,8,1.0004602364003485,-0.046023640034853486,8
Q,4,chronos_t5_512,1.3885005890387243,2,1.1199250471893238,-11.99250471893239,2
Q,4,chronos_bolt_512,1.2834809177345559,2,1.0046050712196424,-0.4605071219642487,2
Q,4,chronos_bolt_max,1.2834809030776397,2,1.0046050609739408,-0.46050609739407555,2
Q,4,chronos2_max,1.2811487269409008,2,1.0,0.0,2
Q,4,tsrag,1.2834809030776397,2,1.0046050609739408,-0.46050609739407555,2
Q,4,bayes_mixture,1.2756032036731437,2,0.9963444297168862,0.36555702831138626,2
5T,48,chronos_t5_512,0.7631427646415445,2,1.2011175612347558,-20.111756123475576,2
5T,48,chronos_bolt_512,0.7317871928538502,2,1.1517889547647058,-15.17889547647059,2
5T,48,chronos_bolt_max,0.7112527136072543,2,1.1197178786721165,-11.971787867211635,2
5T,48,chronos2_max,0.6340406283596065,2,1.0,0.0,2
5T,48,tsrag,0.7259065609580688,2,1.1419842447513393,-14.19842447513393,2
5T,48,bayes_mixture,0.6448283203979008,2,1.0169149000839268,-1.691490008392682,2
5T,576,chronos_t5_512,0.7534907115442111,1,1.134268649603174,-13.426864960317397,1
5T,576,chronos_bolt_512,0.6997858861619038,1,1.0534239904318317,-5.342399043183166,1
5T,576,chronos_bolt_max,0.694838569336889,1,1.045976537811257,-4.59765378112571,1
5T,576,chronos2_max,0.6642965154752547,1,1.0,0.0,1
5T,576,tsrag,0.694838569336889,1,1.045976537811257,-4.59765378112571,1
5T,576,bayes_mixture,0.6719522546345984,1,1.0115245812389466,-1.1524581238946618,1
